"","scientific_name","MSW3_ID","MSWFamilyLatin","Diet.Inv","Diet.Vend","Diet.Vect","Diet.Vfish","Diet.Vunk","Diet.Scav","Diet.Fruit","Diet.Nect","Diet.Seed","Diet.PlantO","Diet.Source","Diet.Certainty","ForStrat.Value","ForStrat.Certainty","ForStrat.Comment","Activity.Nocturnal","Activity.Crepuscular","Activity.Diurnal","Activity.Source","Activity.Certainty","BodyMass.Value","BodyMass.Source","BodyMass.SpecLevel","taxonid","subspecies","rank","subpopulation","category","code","habitat","suitability","season","majorimportance","IUCN_species_name"
"4","Alouatta palliata",634,"Atelidae",0,0,0,0,0,0,40,0,0,60,"Ref_1","ABC","Ar","A","",0,0,1,"Ref_1","ABC",7274.95,"Ref_117","1",39960,NA,NA,NA,"LC","1.6","Forest - Subtropical/Tropical Moist Lowland","Suitable",NA,"Yes","Alouatta palliata"
"5","Alouatta seniculus",627,"Atelidae",0,0,0,0,0,0,40,0,0,60,"Ref_1","ABC","Ar","A","",0,0,1,"Ref_1","ABC",6145.54,"Ref_117","1",70547436,NA,NA,NA,"LC","1.9","Forest - Subtropical/Tropical Moist Montane","Suitable",NA,"Yes","Alouatta seniculus"
"7","Amphinectomys savamis",1711,"Cricetidae",20,0,0,0,0,0,10,0,40,30,"Ref_3","D2","G","A","",1,0,0,"Ref_3","D2",47.71,"Ref_2, Ref_3","0",136723,NA,NA,NA,"DD","1.6","Forest - Subtropical/Tropical Moist Lowland","Unknown",NA,NA,"Amphinectomys savamis"
"8","Anotomys leander",1716,"Cricetidae",20,0,0,0,0,0,10,0,40,30,"Ref_3","D2","G","A","",1,0,0,"Ref_3","D2",66.4,"Ref_117","1",1564,NA,NA,NA,"EN","1.9","Forest - Subtropical/Tropical Moist Montane","Suitable",NA,NA,"Anotomys leander"
"9","Anoura cultrata",4139,"Phyllostomidae",30,0,0,0,0,0,30,40,0,0,"Ref_1","ABC","Ar","A","",1,0,0,"Ref_1","ABC",16.85,"Ref_117","1",1566,NA,NA,NA,"LC","1.6","Forest - Subtropical/Tropical Moist Lowland","Suitable",NA,"Yes","Anoura cultrata"
"10","Anoura geoffroyi",4140,"Phyllostomidae",30,0,0,0,0,0,30,40,0,0,"Ref_1","ABC","Ar","A","",1,0,0,"Ref_1","ABC",14.62,"Ref_117","1",88109511,NA,NA,NA,"LC","1.6","Forest - Subtropical/Tropical Moist Lowland","Suitable",NA,"Yes","Anoura geoffroyi"
"11","Aotus lemurinus",641,"Aotidae",20,0,0,0,10,0,20,10,20,20,"Ref_1","ABC","Ar","A","",1,0,0,"Ref_1","ABC",872.99,"Ref_117","1",1808,NA,NA,NA,"VU","1.9","Forest - Subtropical/Tropical Moist Montane","Suitable",NA,"Yes","Aotus lemurinus"
"12","Aotus vociferans",640,"Aotidae",20,0,0,0,10,0,20,10,20,20,"Ref_1","ABC","Ar","A","",1,0,0,"Ref_1","ABC",872.99,"Ref_117","1",41544,NA,NA,NA,"LC","1.9","Forest - Subtropical/Tropical Moist Montane","Suitable",NA,"Yes","Aotus vociferans"
"14","Artibeus concolor",4079,"Phyllostomidae",10,0,0,0,0,0,80,10,0,0,"Ref_1","ABC","Ar","A","",1,0,0,"Ref_1","ABC",19.35,"Ref_117","1",2125,NA,NA,NA,"LC","1.6","Forest - Subtropical/Tropical Moist Lowland","Suitable",NA,NA,"Artibeus concolor"
"15","Artibeus fraterculus",4072,"Phyllostomidae",10,0,0,0,0,0,80,10,0,0,"Ref_1","ABC","Ar","A","",1,0,0,"Ref_1","ABC",36,"Ref_178","2",2127,NA,NA,NA,"LC",NA,NA,NA,NA,NA,"Artibeus fraterculus"
"16","Artibeus lituratus",4078,"Phyllostomidae",10,0,0,0,0,0,80,10,0,0,"Ref_1","ABC","Ar","A","",1,0,0,"Ref_1","ABC",60.54,"Ref_117","1",2136,NA,NA,NA,"LC","1.6","Forest - Subtropical/Tropical Moist Lowland","Suitable",NA,"Yes","Artibeus lituratus"
"17","Artibeus obscurus",4077,"Phyllostomidae",10,0,0,0,0,0,80,10,0,0,"Ref_1","ABC","Ar","A","",1,0,0,"Ref_1","ABC",35.2,"Ref_117","1",2137,NA,NA,NA,"LC","1.6","Forest - Subtropical/Tropical Moist Lowland","Suitable",NA,NA,"Artibeus obscurus"
"18","Ateles belzebuth",619,"Atelidae",10,0,0,0,10,0,60,0,10,10,"Ref_1","ABC","Ar","A","",0,0,1,"Ref_1","ABC",5000,"Ref_117","1",2276,NA,NA,NA,"EN","1.9","Forest - Subtropical/Tropical Moist Montane","Suitable",NA,"Yes","Ateles belzebuth"
"19","Ateles fusciceps",616,"Atelidae",10,0,0,0,10,0,60,0,10,10,"Ref_1","ABC","Ar","A","",0,0,1,"Ref_1","ABC",9100,"Ref_117","1",135446,NA,NA,NA,"CR","1.6","Forest - Subtropical/Tropical Moist Lowland","Suitable",NA,NA,"Ateles fusciceps"
"25","Bassaricyon alleni",5063,"Procyonidae",20,10,0,0,0,0,70,0,0,0,"Ref_1","ABC","Ar","A","",1,1,0,"Ref_1","ABC",1235.01,"Ref_117","1",48637566,NA,NA,NA,"LC","1.6","Forest - Subtropical/Tropical Moist Lowland","Suitable","Resident","Yes","Bassaricyon alleni"
"29","Caenolestes caniventer",93,"Caenolestidae",70,0,0,0,10,0,10,0,0,10,"Ref_1","ABC","G","A","",1,0,0,"Ref_1","ABC",40,"Ref_117","1",40521,NA,NA,NA,"NT","1.9","Forest - Subtropical/Tropical Moist Montane","Suitable",NA,"Yes","Caenolestes caniventer"
"30","Caenolestes condorensis",94,"Caenolestidae",70,0,0,0,10,0,10,0,0,10,"Ref_2","D1","G","A","",1,0,0,"Ref_1","ABC",47.81,"Ref_58","1",136743,NA,NA,NA,"VU","1.9","Forest - Subtropical/Tropical Moist Montane","Suitable",NA,NA,"Caenolestes condorensis"
"31","Caenolestes convelatus",95,"Caenolestidae",70,0,0,0,10,0,10,0,0,10,"Ref_1","ABC","G","A","",1,0,0,"Ref_1","ABC",40,"Ref_117","1",40522,NA,NA,NA,"VU","1.9","Forest - Subtropical/Tropical Moist Montane","Suitable",NA,"Yes","Caenolestes convelatus"
"32","Caenolestes fuliginosus",96,"Caenolestidae",70,0,0,0,10,0,10,0,0,10,"Ref_1","ABC","G","A","",1,0,0,"Ref_1","ABC",27.8,"Ref_117","1",41506,NA,NA,NA,"LC","1.9","Forest - Subtropical/Tropical Moist Montane","Suitable",NA,"Yes","Caenolestes fuliginosus"
"33","Caluromys derbianus",7,"Didelphidae",20,0,0,0,10,0,20,0,10,40,"Ref_1","ABC","Ar","A","",1,1,0,"Ref_1","ABC",297,"Ref_117","1",3650,NA,NA,NA,"LC","1.6","Forest - Subtropical/Tropical Moist Lowland","Suitable",NA,"Yes","Caluromys derbianus"
"34","Caluromys lanatus",8,"Didelphidae",20,0,0,0,10,0,20,0,10,40,"Ref_1","ABC","Ar","A","",1,1,0,"Ref_1","ABC",325,"Ref_117","1",3648,NA,NA,NA,"LC","1.6","Forest - Subtropical/Tropical Moist Lowland","Suitable",NA,"Yes","Caluromys lanatus"
"35","Carollia castanea",4172,"Phyllostomidae",0,0,0,0,0,0,100,0,0,0,"Ref_1","ABC","Ar","A","",1,0,0,"Ref_1","ABC",13.27,"Ref_117","1",88110411,NA,NA,NA,"LC","1.6","Forest - Subtropical/Tropical Moist Lowland","Suitable",NA,"Yes","Carollia castanea"
"36","Carollia perspicillata",4174,"Phyllostomidae",0,0,0,0,0,0,100,0,0,0,"Ref_1","ABC","Ar","A","",1,0,0,"Ref_1","ABC",18,"Ref_117","1",3905,NA,NA,NA,"LC","1.9","Forest - Subtropical/Tropical Moist Montane","Suitable",NA,"Yes","Carollia perspicillata"
"39","Chibchanomys orcesi",1748,"Cricetidae",20,0,0,0,0,0,10,0,40,30,"Ref_3","D2","G","A","",1,0,0,"Ref_3","D2",50,"Ref_2, Ref_3","0",136775,NA,NA,NA,"DD",NA,NA,NA,NA,NA,"Chibchanomys orcesi"
"40","Chilomys instans",1749,"Cricetidae",20,0,0,0,0,0,10,0,40,30,"Ref_3","D2","G","A","",1,0,0,"Ref_3","D2",19,"Ref_117","1",4634,NA,NA,NA,"LC","1.9","Forest - Subtropical/Tropical Moist Montane","Suitable",NA,NA,"Chilomys instans"
"41","Chiroderma salvini",4086,"Phyllostomidae",0,0,0,0,0,0,100,0,0,0,"Ref_1","ABC","Ar","A","",1,0,0,"Ref_1","ABC",25.52,"Ref_117","1",4666,NA,NA,NA,"LC","1.6","Forest - Subtropical/Tropical Moist Lowland","Suitable",NA,"Yes","Chiroderma salvini"
"42","Chiroderma trinitatum",4084,"Phyllostomidae",0,0,0,0,0,0,100,0,0,0,"Ref_1","ABC","Ar","A","",1,0,0,"Ref_1","ABC",13.68,"Ref_117","1",4667,NA,NA,NA,"LC","1.6","Forest - Subtropical/Tropical Moist Lowland","Suitable",NA,NA,"Chiroderma trinitatum"
"43","Chiroderma villosum",4085,"Phyllostomidae",0,0,0,0,0,0,100,0,0,0,"Ref_1","ABC","Ar","A","",1,0,0,"Ref_1","ABC",23.12,"Ref_117","1",4668,NA,NA,NA,"LC","1.6","Forest - Subtropical/Tropical Moist Lowland","Suitable",NA,"Yes","Chiroderma villosum"
"45","Choeroniscus minor",4145,"Phyllostomidae",30,0,0,0,0,0,40,30,0,0,"Ref_1","ABC","Ar","A","",1,0,0,"Ref_1","ABC",8.73,"Ref_117","1",4774,NA,NA,NA,"LC","1.6","Forest - Subtropical/Tropical Moist Lowland","Suitable",NA,NA,"Choeroniscus minor"
"46","Choeroniscus periosus",4146,"Phyllostomidae",30,0,0,0,0,0,40,30,0,0,"Ref_1","ABC","Ar","A","",1,0,0,"Ref_1","ABC",11.57,"Ref_178","2",4775,NA,NA,NA,"VU","1.6","Forest - Subtropical/Tropical Moist Lowland","Suitable",NA,"Yes","Choeroniscus periosus"
"47","Choloepus didactylus",441,"Megalonychidae",0,0,0,0,0,0,30,0,0,70,"Ref_1","ABC","Ar","A","",1,0,0,"Ref_1","ABC",5160,"Ref_117","1",4777,NA,NA,NA,"LC","1.6","Forest - Subtropical/Tropical Moist Lowland","Suitable","Resident","Yes","Choloepus didactylus"
"48","Choloepus hoffmanni",442,"Megalonychidae",0,0,0,0,0,0,30,0,0,70,"Ref_1","ABC","Ar","A","",1,0,0,"Ref_1","ABC",4750.01,"Ref_117","1",4778,NA,NA,NA,"LC","1.9","Forest - Subtropical/Tropical Moist Montane","Suitable","Resident","Yes","Choloepus hoffmanni"
"49","Chrotopterus auritus",4037,"Phyllostomidae",30,0,20,20,0,0,30,0,0,0,"Ref_1","ABC","S","B","generalist",1,0,0,"Ref_1","ABC",77.86,"Ref_117","1",4811,NA,NA,NA,"LC","1.6","Forest - Subtropical/Tropical Moist Lowland","Suitable",NA,"Yes","Chrotopterus auritus"
"50","Conepatus semistriatus",5053,"Mephitidae",80,0,10,0,0,0,10,0,0,0,"Ref_1","ABC","G","A","",1,0,0,"Ref_1","ABC",1200,"Ref_117","1",41633,NA,NA,NA,"LC","1.6","Forest - Subtropical/Tropical Moist Lowland","Suitable",NA,"Yes","Conepatus semistriatus"
"55","Cuniculus paca",3073,"Cuniculidae",0,0,0,0,0,0,20,0,30,50,"Ref_1","ABC","G","A","",1,0,0,"Ref_1","ABC",8172.55,"Ref_58","1",699,NA,NA,NA,"LC","1.6","Forest - Subtropical/Tropical Moist Lowland","Suitable",NA,NA,"Cuniculus paca"
"56","Cuniculus taczanowskii",3072,"Cuniculidae",0,0,0,0,0,0,20,0,30,50,"Ref_1","ABC","G","A","",1,0,0,"Ref_1","ABC",8999.95,"Ref_58","1",700,NA,NA,NA,"NT","1.9","Forest - Subtropical/Tropical Moist Montane","Suitable",NA,NA,"Cuniculus taczanowskii"
"63","Dasyprocta fuliginosa",3062,"Dasyproctidae",10,0,0,0,0,0,40,0,0,50,"Ref_1","ABC","G","A","",0,1,1,"Ref_1","ABC",3500.02,"Ref_117","1",6281,NA,NA,NA,"LC","1.9","Forest - Subtropical/Tropical Moist Montane","Suitable",NA,NA,"Dasyprocta fuliginosa"
"64","Dasyprocta punctata",3068,"Dasyproctidae",10,0,0,0,0,0,40,0,0,50,"Ref_1","ABC","G","A","",0,1,1,"Ref_1","ABC",2674.98,"Ref_117","1",89497686,NA,NA,NA,"LC","1.6","Forest - Subtropical/Tropical Moist Lowland","Suitable",NA,NA,"Dasyprocta punctata"
"74","Dinomys branickii",3040,"Dinomyidae",0,0,0,0,0,0,40,0,0,60,"Ref_1","ABC","G","A","",1,0,0,"Ref_1","ABC",12500,"Ref_117","1",6608,NA,NA,NA,"LC","1.9","Forest - Subtropical/Tropical Moist Montane","Suitable",NA,NA,"Dinomys branickii"
"76","Diplomys labilis",2939,"Echimyidae",0,0,0,0,0,0,50,0,50,0,"Ref_1","ABC","S","A","",1,0,0,"Ref_1","ABC",227.5,"Ref_117","1",6663,NA,NA,NA,"LC","1.9","Forest - Subtropical/Tropical Moist Montane","Suitable",NA,NA,"Diplomys labilis"
"77","Echimys saturnus",2943,"Echimyidae",0,0,0,0,0,0,80,0,0,20,"Ref_1","ABC","Ar","A","",1,0,0,"Ref_1","ABC",626.9,"Ref_117","1",6987,NA,NA,NA,"DD","1.6","Forest - Subtropical/Tropical Moist Lowland","Suitable",NA,NA,"Echimys saturnus"
"78","Eira barbara",4985,"Mustelidae",0,90,0,0,0,0,10,0,0,0,"Ref_1","ABC","G","A","",1,1,1,"Ref_1","ABC",3910.03,"Ref_117","1",41644,NA,NA,NA,"LC","1.6","Forest - Subtropical/Tropical Moist Lowland","Suitable",NA,"Yes","Eira barbara"
"79","Enchisthenes hartii",4090,"Phyllostomidae",10,0,0,0,0,0,80,10,0,0,"Ref_1","ABC","Ar","A","",1,0,0,"Ref_1","ABC",16.99,"Ref_58","1",2130,NA,NA,NA,"LC","1.9","Forest - Subtropical/Tropical Moist Montane","Suitable",NA,NA,"Enchisthenes hartii"
"91","Galictis vittata",4987,"Mustelidae",20,30,20,0,10,0,20,0,0,0,"Ref_1","ABC","G","A","",1,1,1,"Ref_1","ABC",3200,"Ref_117","1",41640,NA,NA,NA,"LC","1.6","Forest - Subtropical/Tropical Moist Lowland","Suitable",NA,"Yes","Galictis vittata"
"92","Glironia venusta",10,"Didelphidae",40,0,0,0,20,0,20,0,20,0,"Ref_1","ABC","Ar","A","",1,0,0,"Ref_1","ABC",114,"Ref_117","1",9245,NA,NA,NA,"LC","1.6","Forest - Subtropical/Tropical Moist Lowland","Suitable",NA,"Yes","Glironia venusta"
"94","Glossophaga commissarisi",4152,"Phyllostomidae",40,0,0,0,0,0,30,30,0,0,"Ref_1","ABC","Ar","B","generalist",1,0,0,"Ref_1","ABC",8.9,"Ref_117","1",9273,NA,NA,NA,"LC","1.6","Forest - Subtropical/Tropical Moist Lowland","Suitable",NA,NA,"Glossophaga commissarisi"
"95","Glyphonycteris daviesi",4039,"Phyllostomidae",80,0,0,0,0,0,20,0,0,0,"Ref_1","ABC","S","B","surface vs. scansorial unknown",1,0,0,"Ref_1","ABC",18.61,"Ref_58","1",13377,NA,NA,NA,"LC","1.6","Forest - Subtropical/Tropical Moist Lowland","Suitable",NA,NA,"Glyphonycteris daviesi"
"96","Glyphonycteris sylvestris",4040,"Phyllostomidae",80,0,0,0,0,0,20,0,0,0,"Ref_1","ABC","S","B","surface vs. scansorial unknown",1,0,0,"Ref_1","ABC",8.91,"Ref_58","1",13384,NA,NA,NA,"LC","1.6","Forest - Subtropical/Tropical Moist Lowland","Suitable",NA,NA,"Glyphonycteris sylvestris"
"102","Homo sapiens",833,"Hominidae",10,0,0,0,0,0,60,0,0,30,"Ref_3","D2","G","A","",0,0,1,"Ref_1","ABC",58540.63,"Ref_58","1",136584,NA,NA,NA,"LC","1.9","Forest - Subtropical/Tropical Moist Montane","Suitable",NA,NA,"Homo sapiens"
"104","Hydrochoerus hydrochaeris",3055,"Caviidae",0,0,0,0,0,0,10,0,0,90,"Ref_1","ABC","G","A","",0,0,1,"Ref_1","ABC",48144.91,"Ref_58","1",10300,NA,NA,NA,"LC","1.6","Forest - Subtropical/Tropical Moist Lowland","Suitable",NA,NA,"Hydrochoerus hydrochaeris"
"109","Isothrix bistriata",2947,"Echimyidae",0,0,0,0,0,0,30,0,20,50,"Ref_3","D2","G","A","",1,0,0,"Ref_1","ABC",445,"Ref_117","1",90386297,NA,NA,NA,"LC",NA,NA,NA,NA,NA,"Isothrix bistriata"
"113","Lagothrix poeppigii",624,"Atelidae",0,0,0,0,0,0,70,10,0,20,"Ref_2","D1","Ar","A","",0,0,1,"Ref_1","ABC",62.31,"Ref_2, Ref_3","0",39927,NA,NA,NA,"VU","1.6","Forest - Subtropical/Tropical Moist Lowland","Suitable",NA,"Yes","Lagothrix poeppigii"
"114","Lampronycteris brachyotis",4041,"Phyllostomidae",80,0,0,0,0,0,20,0,0,0,"Ref_1","ABC","S","B","surface vs. scansorial unknown",1,0,0,"Ref_1","ABC",10.39,"Ref_58","1",13376,NA,NA,NA,"LC","1.6","Forest - Subtropical/Tropical Moist Lowland","Suitable",NA,NA,"Lampronycteris brachyotis"
"121","Leopardus wiedii",4805,"Felidae",0,80,0,0,0,0,20,0,0,0,"Ref_1","ABC","S","A","",1,1,0,"Ref_1","ABC",3249.97,"Ref_117","1",11511,NA,NA,NA,"NT","1.6","Forest - Subtropical/Tropical Moist Lowland","Suitable",NA,"Yes","Leopardus wiedii"
"122","Lionycteris spurrelli",4162,"Phyllostomidae",30,0,0,0,0,0,60,10,0,0,"Ref_3","D2","Ar","A","",1,0,0,"Ref_1","ABC",8.38,"Ref_117","1",12078,NA,NA,NA,"LC","1.9","Forest - Subtropical/Tropical Moist Montane","Suitable",NA,NA,"Lionycteris spurrelli"
"123","Lonchophylla hesperia",4167,"Phyllostomidae",40,0,0,0,0,0,30,30,0,0,"Ref_1","ABC","Ar","A","",1,0,0,"Ref_1","ABC",11.8,"Ref_178","2",12266,NA,NA,NA,"NT",NA,NA,NA,NA,NA,"Lonchophylla hesperia"
"124","Lonchophylla robusta",4169,"Phyllostomidae",40,0,0,0,0,0,30,30,0,0,"Ref_1","ABC","Ar","A","",1,0,0,"Ref_1","ABC",13,"Ref_117","1",12268,NA,NA,NA,"LC","1.6","Forest - Subtropical/Tropical Moist Lowland","Suitable",NA,"Yes","Lonchophylla robusta"
"127","Lophostoma brasiliense",4023,"Phyllostomidae",90,0,0,0,0,0,10,0,0,0,"Ref_1","ABC","S","B","surface vs. scansorial unknown",1,0,0,"Ref_1","ABC",9.76,"Ref_58","1",21984,NA,NA,NA,"LC","1.6","Forest - Subtropical/Tropical Moist Lowland","Suitable",NA,NA,"Lophostoma brasiliense"
"128","Lophostoma carrikeri",4022,"Phyllostomidae",90,0,0,0,0,0,10,0,0,0,"Ref_1","ABC","S","B","surface vs. scansorial unknown",1,0,0,"Ref_1","ABC",22.35,"Ref_58","1",99783878,NA,NA,NA,"LC","1.6","Forest - Subtropical/Tropical Moist Lowland","Suitable",NA,NA,"Lophostoma carrikeri"
"129","Lycalopex culpaeus",4939,"Canidae",10,70,10,0,0,0,10,0,0,0,"Ref_1","ABC","G","A","",1,0,0,"Ref_1","ABC",8616.24,"Ref_58","1",6929,NA,NA,NA,"LC","1.9","Forest - Subtropical/Tropical Moist Montane","Suitable",NA,"No","Lycalopex culpaeus"
"130","Lycalopex sechurae",4937,"Canidae",10,30,30,0,0,0,20,0,0,10,"Ref_1","ABC","G","A","",1,0,0,"Ref_1","ABC",4234,"Ref_58","1",6925,NA,NA,NA,"NT",NA,NA,NA,NA,NA,"Lycalopex sechurae"
"132","Makalata macrura",2951,"Echimyidae",0,0,0,0,0,0,80,0,0,20,"Ref_1","ABC","S","A","",1,0,0,"Ref_1","ABC",439,"Ref_58","1",6983,NA,NA,NA,"LC","1.6","Forest - Subtropical/Tropical Moist Lowland","Suitable",NA,NA,"Makalata macrura"
"133","Marmosa lepida",36,"Didelphidae",40,10,10,0,10,0,30,0,0,0,"Ref_1","ABC","Ar","A","",1,0,0,"Ref_1","ABC",14,"Ref_117","1",12814,NA,NA,NA,"LC","1.6","Forest - Subtropical/Tropical Moist Lowland","Suitable",NA,NA,"Marmosa lepida"
"134","Marmosa murina",30,"Didelphidae",40,10,10,0,10,0,30,0,0,0,"Ref_1","ABC","Ar","A","",1,0,0,"Ref_1","ABC",26,"Ref_117","1",40505,NA,NA,NA,"LC","1.6","Forest - Subtropical/Tropical Moist Lowland","Suitable",NA,"Yes","Marmosa murina"
"135","Marmosa robinsoni",38,"Didelphidae",40,10,10,0,10,0,30,0,0,0,"Ref_1","ABC","Ar","A","",1,0,0,"Ref_1","ABC",56.67,"Ref_117","1",40506,NA,NA,NA,"LC","1.6","Forest - Subtropical/Tropical Moist Lowland","Suitable",NA,"Yes","Marmosa robinsoni"
"136","Marmosa rubra",33,"Didelphidae",40,10,10,0,10,0,30,0,0,0,"Ref_1","ABC","Ar","A","",1,0,0,"Ref_1","ABC",63,"Ref_117","1",40507,NA,NA,NA,"DD","1.6","Forest - Subtropical/Tropical Moist Lowland","Suitable",NA,"Yes","Marmosa rubra"
"137","Marmosops neblina",45,"Didelphidae",50,0,0,0,0,0,50,0,0,0,"Ref_2","D1","Ar","A","",1,0,0,"Ref_2","D1",31.57,"Ref_2, Ref_3","0",136830,NA,NA,NA,"LC","1.9","Forest - Subtropical/Tropical Moist Montane","Suitable",NA,NA,"Marmosops neblina"
"138","Marmosops noctivagus",44,"Didelphidae",50,0,0,0,0,0,50,0,0,0,"Ref_1","ABC","Ar","A","",1,0,0,"Ref_1","ABC",21,"Ref_117","Carollia manu",40508,NA,NA,NA,"LC","1.6","Forest - Subtropical/Tropical Moist Lowland","Suitable",NA,NA,"Marmosops noctivagus"
"141","Megaoryzomys curioi",1653,"Cricetidae",20,0,0,0,0,0,10,0,40,30,"Ref_3","D2","G","A","",1,0,0,"Ref_3","D2",47.71,"Ref_2, Ref_3","0",136657,NA,NA,NA,"EX",NA,NA,NA,NA,NA,"Megaoryzomys curioi"
"143","Melanomys caliginosus",1655,"Cricetidae",20,0,0,0,0,0,10,0,40,30,"Ref_3","D2","G","A","",1,0,0,"Ref_3","D2",41,"Ref_117","1",13046,NA,NA,NA,"LC","1.6","Forest - Subtropical/Tropical Moist Lowland","Marginal",NA,NA,"Melanomys caliginosus"
"144","Melanomys robustulus",1656,"Cricetidae",20,0,0,0,0,0,10,0,40,30,"Ref_3","D2","G","A","",1,0,0,"Ref_3","D2",53.5,"Ref_117","1",13047,NA,NA,NA,"LC","1.6","Forest - Subtropical/Tropical Moist Lowland","Suitable",NA,NA,"Melanomys robustulus"
"145","Mesomys hispidus",2961,"Echimyidae",0,0,0,0,0,0,30,0,20,50,"Ref_3","D2","Ar","A","",1,0,0,"Ref_1","ABC",175,"Ref_117","1",13234,NA,NA,NA,"LC","1.6","Forest - Subtropical/Tropical Moist Lowland","Suitable",NA,NA,"Mesomys hispidus"
"146","Mesophylla macconnelli",4091,"Phyllostomidae",10,0,0,0,0,0,90,0,0,0,"Ref_1","ABC","Ar","A","",1,0,0,"Ref_1","ABC",6.92,"Ref_117","1",13240,NA,NA,NA,"LC","1.6","Forest - Subtropical/Tropical Moist Lowland","Suitable",NA,"Yes","Mesophylla macconnelli"
"150","Metachirus nudicaudatus",53,"Didelphidae",30,20,20,0,10,0,20,0,0,0,"Ref_1","ABC","S","A","",1,0,0,"Ref_1","ABC",375,"Ref_117","1",40509,NA,NA,NA,"LC","1.6","Forest - Subtropical/Tropical Moist Lowland","Suitable",NA,"Yes","Metachirus nudicaudatus"
"151","Micronycteris hirsuta",4031,"Phyllostomidae",80,0,0,0,0,0,20,0,0,0,"Ref_2","D1","S","B","surface vs. scansorial unknown",1,0,0,"Ref_1","ABC",12.01,"Ref_117","1",13378,NA,NA,NA,"LC","1.6","Forest - Subtropical/Tropical Moist Lowland","Suitable",NA,NA,"Micronycteris hirsuta"
"152","Micronycteris minuta",4030,"Phyllostomidae",80,0,0,0,0,0,20,0,0,0,"Ref_2","D1","S","B","surface vs. scansorial unknown",1,0,0,"Ref_1","ABC",6.5,"Ref_117","1",13380,NA,NA,NA,"LC","1.6","Forest - Subtropical/Tropical Moist Lowland","Suitable",NA,"Yes","Micronycteris minuta"
"153","Microryzomys altissimus",1781,"Cricetidae",20,0,0,0,0,0,10,0,40,30,"Ref_3","D2","G","A","",1,0,0,"Ref_3","D2",13.5,"Ref_117","1",13407,NA,NA,NA,"LC",NA,NA,NA,NA,NA,"Microryzomys altissimus"
"154","Microryzomys minutus",1782,"Cricetidae",20,0,0,0,0,0,10,0,40,30,"Ref_3","D2","G","A","",1,0,0,"Ref_3","D2",13.5,"Ref_117","1",13408,NA,NA,NA,"LC","1.9","Forest - Subtropical/Tropical Moist Montane","Suitable",NA,NA,"Microryzomys minutus"
"155","Microsciurus flaviventer",854,"Sciuridae",0,0,0,0,0,0,50,0,50,0,"Ref_1","ABC","Ar","A","",0,0,1,"Ref_1","ABC",92,"Ref_117","1",13410,NA,NA,NA,"LC","1.6","Forest - Subtropical/Tropical Moist Lowland","Suitable","Resident","Yes","Microsciurus flaviventer"
"156","Microsciurus mimulus",853,"Sciuridae",0,0,0,0,0,0,50,0,50,0,"Ref_1","ABC","Ar","A","",0,0,1,"Ref_1","ABC",120,"Ref_117","1",13411,NA,NA,NA,"LC","1.6","Forest - Subtropical/Tropical Moist Lowland","Suitable",NA,NA,"Microsciurus mimulus"
"163","Monodelphis adusta",75,"Didelphidae",20,20,0,0,0,20,20,0,20,0,"Ref_1","ABC","G","A","",1,0,0,"Ref_1","ABC",35,"Ref_117","1",51343071,NA,NA,NA,"LC","1.9","Forest - Subtropical/Tropical Moist Montane","Suitable",NA,"Yes","Monodelphis adusta"
"169","Myoprocta pratti",3070,"Dasyproctidae",20,0,0,0,0,0,40,0,0,40,"Ref_2","D1","G","A","",0,0,1,"Ref_1","ABC",966.73,"Ref_58","1",136663,NA,NA,NA,"LC","1.6","Forest - Subtropical/Tropical Moist Lowland","Suitable",NA,NA,"Myoprocta pratti"
"176","Nasua nasua",5070,"Procyonidae",10,20,0,0,0,0,70,0,0,0,"Ref_1","ABC","S","A","",0,0,1,"Ref_1","ABC",3793.85,"Ref_117","1",41684,NA,NA,NA,"LC","1.6","Forest - Subtropical/Tropical Moist Lowland","Suitable",NA,"Yes","Nasua nasua"
"177","Nasuella olivacea",5072,"Procyonidae",10,20,0,0,0,0,70,0,0,0,"Ref_1","ABC","G","A","",1,1,1,"Ref_1","ABC",1339.99,"Ref_117","1",72261737,NA,NA,NA,"NT","1.9","Forest - Subtropical/Tropical Moist Montane","Suitable","Resident","Yes","Nasuella olivacea"
"178","Neacomys spinosus",1788,"Cricetidae",20,0,0,0,0,0,20,0,20,40,"Ref_1","ABC","G","A","",1,0,0,"Ref_1","ABC",19,"Ref_117","1",14388,NA,NA,NA,"LC","1.6","Forest - Subtropical/Tropical Moist Lowland","Suitable",NA,NA,"Neacomys spinosus"
"179","Neacomys tenuipes",1789,"Cricetidae",20,0,0,0,0,0,20,0,20,40,"Ref_1","ABC","G","A","",1,0,0,"Ref_1","ABC",19,"Ref_117","1",42649,NA,NA,NA,"LC","1.9","Forest - Subtropical/Tropical Moist Montane","Suitable",NA,NA,"Neacomys tenuipes"
"182","Nesoryzomys darwini",1806,"Cricetidae",20,0,0,0,0,0,10,0,40,30,"Ref_3","D2","G","A","",1,0,0,"Ref_1","ABC",55.26,"Ref_2, Ref_3","0",14706,NA,NA,NA,"EX",NA,NA,NA,NA,NA,"Nesoryzomys darwini"
"183","Nesoryzomys fernandinae",1807,"Cricetidae",20,0,0,0,0,0,10,0,40,30,"Ref_3","D2","G","A","",1,0,0,"Ref_1","ABC",32.5,"Ref_163","1",14707,NA,NA,NA,"VU",NA,NA,NA,NA,NA,"Nesoryzomys fernandinae"
"184","Nesoryzomys swarthi",1809,"Cricetidae",20,0,0,0,0,0,10,0,40,30,"Ref_3","D2","G","A","",1,0,0,"Ref_1","ABC",93.95,"Ref_163","1",14709,NA,NA,NA,"VU",NA,NA,NA,NA,NA,"Nesoryzomys swarthi"
"192","Oecomys bicolor",1827,"Cricetidae",0,0,0,0,0,0,50,0,50,0,"Ref_34","ABC","G","A","",1,0,0,"Ref_1","ABC",34,"Ref_117","1",15131,NA,NA,NA,"LC","1.6","Forest - Subtropical/Tropical Moist Lowland","Suitable",NA,NA,"Oecomys bicolor"
"193","Oecomys concolor",1829,"Cricetidae",0,0,0,0,0,0,50,0,50,0,"Ref_1","ABC","G","A","",1,0,0,"Ref_2","D1",61.55,"Ref_117","1",47766841,NA,NA,NA,"LC","1.6","Forest - Subtropical/Tropical Moist Lowland","Suitable",NA,NA,"Oecomys concolor"
"194","Oecomys superans",1831,"Cricetidae",0,0,0,0,0,0,50,0,50,0,"Ref_1","ABC","G","A","",1,0,0,"Ref_2","D1",73.4,"Ref_117","1",15142,NA,NA,NA,"LC",NA,NA,NA,NA,NA,"Oecomys superans"
"195","Oecomys trinitatis",1830,"Cricetidae",0,0,0,0,0,0,50,0,50,0,"Ref_1","ABC","G","A","",1,0,0,"Ref_2","D1",73.4,"Ref_117","1",15143,NA,NA,NA,"LC","1.6","Forest - Subtropical/Tropical Moist Lowland","Suitable",NA,NA,"Oecomys trinitatis"
"196","Oligoryzomys destructor",1843,"Cricetidae",30,0,0,0,0,0,30,0,40,0,"Ref_1","ABC","G","A","",1,0,0,"Ref_1","ABC",25.2,"Ref_117","1",15245,NA,NA,NA,"LC","1.9","Forest - Subtropical/Tropical Moist Montane","Suitable",NA,NA,"Oligoryzomys destructor"
"197","Oligoryzomys fulvescens",1834,"Cricetidae",30,0,0,0,0,0,30,0,40,0,"Ref_1","ABC","G","A","",1,0,0,"Ref_1","ABC",25,"Ref_117","1",15248,NA,NA,NA,"LC","1.6","Forest - Subtropical/Tropical Moist Lowland","Suitable",NA,NA,"Oligoryzomys fulvescens"
"200","Pecari tajacu",5115,"Tayassuidae",10,0,20,0,0,0,10,0,0,60,"Ref_1","ABC","G","A","",1,1,0,"Ref_1","ABC",21266.69,"Ref_117","1",41777,NA,NA,NA,"LC","1.6","Forest - Subtropical/Tropical Moist Lowland","Suitable",NA,"Yes","Pecari tajacu"
"204","Philander andersoni",78,"Didelphidae",30,30,20,0,10,0,10,0,0,0,"Ref_1","ABC","S","A","",1,1,1,"Ref_1","ABC",325,"Ref_117","1",40515,NA,NA,NA,"LC","1.6","Forest - Subtropical/Tropical Moist Lowland","Suitable","Resident","Yes","Philander andersoni"
"205","Philander opossum",79,"Didelphidae",30,30,20,0,10,0,10,0,0,0,"Ref_1","ABC","S","A","",1,1,1,"Ref_1","ABC",585.5,"Ref_117","1",40516,NA,NA,NA,"LC","1.9","Forest - Subtropical/Tropical Moist Montane","Suitable",NA,"Yes","Philander opossum"
"206","Phylloderma stenops",4052,"Phyllostomidae",10,0,0,0,0,0,20,10,60,0,"Ref_1","ABC","Ar","A","",1,0,0,"Ref_1","ABC",53.68,"Ref_117","1",17168,NA,NA,NA,"LC","1.6","Forest - Subtropical/Tropical Moist Lowland","Suitable",NA,"Yes","Phylloderma stenops"
"207","Phyllostomus elongatus",4053,"Phyllostomidae",70,0,10,0,0,0,10,10,0,0,"Ref_1","ABC","S","B","possibly also 3",1,0,0,"Ref_1","ABC",40.43,"Ref_117","1",17217,NA,NA,NA,"LC","1.6","Forest - Subtropical/Tropical Moist Lowland","Suitable",NA,"Yes","Phyllostomus elongatus"
"210","Platyrrhinus brachycephalus",4099,"Phyllostomidae",10,0,0,0,0,0,90,0,0,0,"Ref_1","ABC","Ar","A","",1,0,0,"Ref_1","ABC",14.1,"Ref_117","1",17567,NA,NA,NA,"LC","1.6","Forest - Subtropical/Tropical Moist Lowland","Suitable",NA,"Yes","Platyrrhinus brachycephalus"
"211","Platyrrhinus chocoensis",4098,"Phyllostomidae",10,0,0,0,0,0,90,0,0,0,"Ref_1","ABC","Ar","A","",1,0,0,"Ref_1","ABC",22,"Ref_178","2",17568,NA,NA,NA,"VU","1.6","Forest - Subtropical/Tropical Moist Lowland","Suitable",NA,"Yes","Platyrrhinus chocoensis"
"212","Platyrrhinus infuscus",4097,"Phyllostomidae",10,0,0,0,0,0,90,0,0,0,"Ref_1","ABC","Ar","A","",1,0,0,"Ref_1","ABC",50.2,"Ref_117","1",17571,NA,NA,NA,"LC","1.6","Forest - Subtropical/Tropical Moist Lowland","Suitable",NA,"Yes","Platyrrhinus infuscus"
"213","Potos flavus",5073,"Procyonidae",10,0,0,0,10,0,80,0,0,0,"Ref_1","ABC","Ar","A","",1,0,0,"Ref_1","ABC",3000,"Ref_117","1",41679,NA,NA,NA,"LC","1.6","Forest - Subtropical/Tropical Moist Lowland","Suitable",NA,"Yes","Potos flavus"
"215","Procyon cancrivorus",5074,"Procyonidae",50,0,10,20,0,0,10,0,10,0,"Ref_1","ABC","G","A","",1,0,0,"Ref_1","ABC",6949.92,"Ref_117","1",41685,NA,NA,NA,"LC","1.6","Forest - Subtropical/Tropical Moist Lowland","Suitable",NA,"Yes","Procyon cancrivorus"
"216","Proechimys brevicauda",2988,"Echimyidae",0,0,0,0,0,0,20,0,10,70,"Ref_1","ABC","G","A","",1,0,0,"Ref_1","ABC",285,"Ref_117","1",18275,NA,NA,NA,"LC","1.6","Forest - Subtropical/Tropical Moist Lowland","Suitable",NA,NA,"Proechimys brevicauda"
"217","Proechimys decumanus",2974,"Echimyidae",0,0,0,0,0,0,20,0,10,70,"Ref_1","ABC","G","A","",1,0,0,"Ref_1","ABC",285,"Ref_117","1",18280,NA,NA,NA,"NT",NA,NA,NA,NA,NA,"Proechimys decumanus"
"218","Proechimys quadruplicatus",2976,"Echimyidae",0,0,0,0,0,0,20,0,10,70,"Ref_1","ABC","G","A","",1,0,0,"Ref_1","ABC",285,"Ref_117","1",18296,NA,NA,NA,"LC","1.6","Forest - Subtropical/Tropical Moist Lowland","Suitable",NA,NA,"Proechimys quadruplicatus"
"219","Proechimys semispinosus",2971,"Echimyidae",0,0,0,0,0,0,20,0,10,70,"Ref_1","ABC","G","A","",1,0,0,"Ref_1","ABC",360.5,"Ref_117","1",18297,NA,NA,NA,"LC","1.6","Forest - Subtropical/Tropical Moist Lowland","Suitable",NA,NA,"Proechimys semispinosus"
"220","Proechimys simonsi",2970,"Echimyidae",0,0,0,0,0,0,20,0,10,70,"Ref_1","ABC","G","A","",1,0,0,"Ref_1","ABC",285,"Ref_117","1",18299,NA,NA,NA,"LC","1.9","Forest - Subtropical/Tropical Moist Montane","Marginal",NA,NA,"Proechimys simonsi"
"226","Pudu mephistophiles",5300,"Cervidae",0,0,0,0,0,0,10,0,10,80,"Ref_1","ABC","G","A","",1,1,1,"Ref_1","ABC",9599.97,"Ref_117","1",18847,NA,NA,NA,"DD","1.9","Forest - Subtropical/Tropical Moist Montane","Suitable",NA,NA,"Pudu mephistophiles"
"229","Rhinophylla alethina",4177,"Phyllostomidae",10,0,0,0,0,0,90,0,0,0,"Ref_1","ABC","Ar","A","",1,0,0,"Ref_1","ABC",13.57,"Ref_178","2",19591,NA,NA,NA,"NT","1.6","Forest - Subtropical/Tropical Moist Lowland","Suitable",NA,NA,"Rhinophylla alethina"
"230","Rhinophylla fischerae",4178,"Phyllostomidae",10,0,0,0,0,0,90,0,0,0,"Ref_1","ABC","Ar","A","",1,0,0,"Ref_1","ABC",9.6,"Ref_58","1",19592,NA,NA,NA,"LC","1.6","Forest - Subtropical/Tropical Moist Lowland","Suitable",NA,NA,"Rhinophylla fischerae"
"231","Rhinophylla pumilio",4179,"Phyllostomidae",10,0,0,0,0,0,90,0,0,0,"Ref_1","ABC","Ar","A","",1,0,0,"Ref_1","ABC",9.55,"Ref_117","1",19593,NA,NA,NA,"LC","1.6","Forest - Subtropical/Tropical Moist Lowland","Suitable",NA,"Yes","Rhinophylla pumilio"
"232","Rhipidomys leucodactylus",1938,"Cricetidae",20,0,0,0,0,0,30,0,30,20,"Ref_1","ABC","Ar","A","",1,0,0,"Ref_1","ABC",80,"Ref_117","1",19610,NA,NA,NA,"LC","1.6","Forest - Subtropical/Tropical Moist Lowland","Suitable",NA,NA,"Rhipidomys leucodactylus"
"237","Saguinus fuscicollis",563,"Cebidae",40,0,0,0,0,0,30,30,0,0,"Ref_1","ABC","Ar","A","",0,0,1,"Ref_1","ABC",387,"Ref_117","1",39947,NA,NA,NA,"LC","1.9","Forest - Subtropical/Tropical Moist Montane","Suitable",NA,"Yes","Saguinus fuscicollis"
"238","Saimiri sciureus",610,"Cebidae",20,0,0,0,20,0,20,0,20,20,"Ref_1","ABC","Ar","A","",0,0,1,"Ref_1","ABC",743.24,"Ref_117","1",41537,NA,NA,NA,"LC","1.6","Forest - Subtropical/Tropical Moist Lowland","Suitable",NA,"Yes","Saimiri sciureus"
"239","Sciurus granatensis",875,"Sciuridae",0,0,0,0,0,0,20,0,50,30,"Ref_1","ABC","Ar","A","",0,0,1,"Ref_1","ABC",250,"Ref_117","1",20010,NA,NA,NA,"LC","1.9","Forest - Subtropical/Tropical Moist Montane","Suitable",NA,NA,"Sciurus granatensis"
"240","Sciurus igniventris",883,"Sciuridae",0,0,0,0,0,0,20,0,50,30,"Ref_1","ABC","Ar","A","",0,0,1,"Ref_1","ABC",700,"Ref_117","1",20013,NA,NA,NA,"LC","1.6","Forest - Subtropical/Tropical Moist Lowland","Suitable",NA,NA,"Sciurus igniventris"
"241","Sciurus spadiceus",882,"Sciuridae",0,0,0,0,0,0,20,0,50,30,"Ref_1","ABC","Ar","A","",0,0,1,"Ref_1","ABC",403.33,"Ref_117","1",20022,NA,NA,NA,"LC","1.6","Forest - Subtropical/Tropical Moist Lowland","Suitable",NA,NA,"Sciurus spadiceus"
"242","Sciurus stramineus",870,"Sciuridae",0,0,0,0,0,0,20,0,50,30,"Ref_1","ABC","Ar","A","",0,0,1,"Ref_1","ABC",433.3,"Ref_117","1",20023,NA,NA,NA,"LC","1.6","Forest - Subtropical/Tropical Moist Lowland","Suitable",NA,NA,"Sciurus stramineus"
"247","Sigmodontomys alfari",1973,"Cricetidae",20,0,0,0,0,0,10,0,40,30,"Ref_3","D2","G","A","",1,0,0,"Ref_3","D2",50,"Ref_117","1",20221,NA,NA,NA,"LC","1.6","Forest - Subtropical/Tropical Moist Lowland","Suitable",NA,NA,"Sigmodontomys alfari"
"250","Sphaeronycteris toxophyllum",4104,"Phyllostomidae",30,0,0,0,0,0,60,10,0,0,"Ref_3","D2","Ar","A","",1,0,0,"Ref_1","ABC",16.18,"Ref_117","1",20599,NA,NA,NA,"LC","1.6","Forest - Subtropical/Tropical Moist Lowland","Suitable",NA,NA,"Sphaeronycteris toxophyllum"
"255","Sturnira aratathomasi",4125,"Phyllostomidae",0,0,0,0,0,0,100,0,0,0,"Ref_1","ABC","Ar","A","",1,0,0,"Ref_1","ABC",48.63,"Ref_117","1",20949,NA,NA,NA,"LC","1.9","Forest - Subtropical/Tropical Moist Montane","Suitable",NA,"Yes","Sturnira aratathomasi"
"256","Sturnira bidens",4128,"Phyllostomidae",0,0,0,0,0,0,100,0,0,0,"Ref_1","ABC","Ar","A","",1,0,0,"Ref_1","ABC",17.55,"Ref_117","1",20950,NA,NA,NA,"LC","1.6","Forest - Subtropical/Tropical Moist Lowland","Suitable",NA,NA,"Sturnira bidens"
"257","Sturnira bogotensis",4124,"Phyllostomidae",0,0,0,0,0,0,100,0,0,0,"Ref_1","ABC","Ar","A","",1,0,0,"Ref_1","ABC",20.8,"Ref_117","1",20951,NA,NA,NA,"LC","1.6","Forest - Subtropical/Tropical Moist Lowland","Suitable",NA,NA,"Sturnira bogotensis"
"258","Sturnira erythromos",4123,"Phyllostomidae",0,0,0,0,0,0,100,0,0,0,"Ref_1","ABC","Ar","A","",1,0,0,"Ref_1","ABC",15.1,"Ref_117","1",20952,NA,NA,NA,"LC","1.6","Forest - Subtropical/Tropical Moist Lowland","Suitable",NA,"Yes","Sturnira erythromos"
"259","Sturnira luisi",4120,"Phyllostomidae",0,0,0,0,0,0,100,0,0,0,"Ref_1","ABC","Ar","A","",1,0,0,"Ref_1","ABC",21,"Ref_128","1",20955,NA,NA,NA,"LC","1.6","Forest - Subtropical/Tropical Moist Lowland","Suitable",NA,NA,"Sturnira luisi"
"260","Sturnira magna",4119,"Phyllostomidae",0,0,0,0,0,0,100,0,0,0,"Ref_1","ABC","Ar","A","",1,0,0,"Ref_1","ABC",21.66,"Ref_178","2",20956,NA,NA,NA,"LC","1.6","Forest - Subtropical/Tropical Moist Lowland","Suitable",NA,"Yes","Sturnira magna"
"261","Sturnira nana",4127,"Phyllostomidae",0,0,0,0,0,0,100,0,0,0,"Ref_1","ABC","Ar","A","",1,0,0,"Ref_1","ABC",18.47,"Ref_178","2",20958,NA,NA,NA,"EN","1.9","Forest - Subtropical/Tropical Moist Montane","Suitable",NA,"Yes","Sturnira nana"
"262","Sturnira tildae",4115,"Phyllostomidae",0,0,0,0,0,0,100,0,0,0,"Ref_1","ABC","Ar","A","",1,0,0,"Ref_1","ABC",24.04,"Ref_117","1",20960,NA,NA,NA,"LC","1.6","Forest - Subtropical/Tropical Moist Lowland","Suitable",NA,"Yes","Sturnira tildae"
"269","Tayassu pecari",5116,"Tayassuidae",10,0,0,0,10,0,30,0,30,20,"Ref_1","ABC","G","A","",1,1,0,"Ref_1","ABC",32233.69,"Ref_117","1",41778,NA,NA,NA,"VU","1.6","Forest - Subtropical/Tropical Moist Lowland","Suitable","Resident","Yes","Tayassu pecari"
"270","Thomasomys aureus",2009,"Cricetidae",20,0,0,0,0,0,30,0,30,20,"Ref_2","D1","S","A","",1,0,0,"Ref_3","D2",88,"Ref_117","1",96801180,NA,NA,NA,"LC","1.9","Forest - Subtropical/Tropical Moist Montane","Suitable",NA,NA,"Thomasomys aureus"
"271","Thomasomys baeops",2008,"Cricetidae",20,0,0,0,0,0,30,0,30,20,"Ref_2","D1","S","A","",1,0,0,"Ref_3","D2",77,"Ref_117","1",21770,NA,NA,NA,"LC","1.9","Forest - Subtropical/Tropical Moist Montane","Suitable",NA,NA,"Thomasomys baeops"
"272","Thomasomys caudivarius",2006,"Cricetidae",20,0,0,0,0,0,30,0,30,20,"Ref_2","D1","S","A","",1,0,0,"Ref_3","D2",76.23,"Ref_2, Ref_3","0",136413,NA,NA,NA,"LC","1.9","Forest - Subtropical/Tropical Moist Montane","Suitable",NA,NA,"Thomasomys caudivarius"
"273","Thomasomys cinnameus",2003,"Cricetidae",20,0,0,0,0,0,30,0,30,20,"Ref_2","D1","S","A","",1,0,0,"Ref_3","D2",76.23,"Ref_2, Ref_3","0",136822,NA,NA,NA,"LC","1.9","Forest - Subtropical/Tropical Moist Montane","Suitable",NA,NA,"Thomasomys cinnameus"
"274","Thomasomys erro",2000,"Cricetidae",20,0,0,0,0,0,30,0,30,20,"Ref_2","D1","S","A","",1,0,0,"Ref_3","D2",76.23,"Ref_2, Ref_3","0",136345,NA,NA,NA,"LC","1.9","Forest - Subtropical/Tropical Moist Montane","Suitable",NA,NA,"Thomasomys erro"
"275","Thomasomys hudsoni",1983,"Cricetidae",20,0,0,0,0,0,30,0,30,20,"Ref_2","D1","S","A","",1,0,0,"Ref_3","D2",76.23,"Ref_2, Ref_3","0",136762,NA,NA,NA,"VU",NA,NA,NA,NA,NA,"Thomasomys hudsoni"
"276","Thomasomys paramorum",1987,"Cricetidae",20,0,0,0,0,0,30,0,30,20,"Ref_2","D1","S","A","",1,0,0,"Ref_3","D2",77,"Ref_117","1",21787,NA,NA,NA,"LC","1.9","Forest - Subtropical/Tropical Moist Montane","Suitable",NA,NA,"Thomasomys paramorum"
"277","Thomasomys silvestris",2014,"Cricetidae",20,0,0,0,0,0,30,0,30,20,"Ref_2","D1","S","A","",1,0,0,"Ref_3","D2",77,"Ref_117","1",21791,NA,NA,NA,"LC","1.9","Forest - Subtropical/Tropical Moist Montane","Unknown",NA,NA,"Thomasomys silvestris"
"278","Thomasomys taczanowskii",1995,"Cricetidae",20,0,0,0,0,0,30,0,30,20,"Ref_2","D1","S","A","",1,0,0,"Ref_3","D2",77,"Ref_117","1",21792,NA,NA,NA,"LC","1.9","Forest - Subtropical/Tropical Moist Montane","Suitable","Resident","Yes","Thomasomys taczanowskii"
"279","Thomasomys ucucha",1979,"Cricetidae",20,0,0,0,0,0,30,0,30,20,"Ref_2","D1","S","A","",1,0,0,"Ref_3","D2",76.23,"Ref_2, Ref_3","0",136487,NA,NA,NA,"VU","1.9","Forest - Subtropical/Tropical Moist Montane","Suitable",NA,NA,"Thomasomys ucucha"
"280","Thomasomys vulcani",1981,"Cricetidae",20,0,0,0,0,0,30,0,30,20,"Ref_2","D1","S","A","",1,0,0,"Ref_3","D2",76.23,"Ref_2, Ref_3","0",99693990,NA,NA,NA,"LC","1.9","Forest - Subtropical/Tropical Moist Montane","Suitable",NA,NA,"Thomasomys vulcani"
"284","Tonatia saurophila",4058,"Phyllostomidae",90,0,0,0,0,0,10,0,0,0,"Ref_2","D1","A","B","generalist",1,0,0,"Ref_1","ABC",30,"Ref_128","1",41530,NA,NA,NA,"LC","1.6","Forest - Subtropical/Tropical Moist Lowland","Suitable",NA,NA,"Tonatia saurophila"
"285","Trachops cirrhosus",4059,"Phyllostomidae",50,0,40,0,0,0,10,0,0,0,"Ref_1","ABC","G","A","",1,0,0,"Ref_1","ABC",37.67,"Ref_117","1",22029,NA,NA,NA,"LC","1.6","Forest - Subtropical/Tropical Moist Lowland","Suitable",NA,"Yes","Trachops cirrhosus"
"286","Tremarctos ornatus",5029,"Ursidae",0,0,0,0,0,0,80,0,0,20,"Ref_1","ABC","G","A","",1,1,0,"Ref_1","ABC",140000.63,"Ref_117","1",22066,NA,NA,NA,"VU","1.9","Forest - Subtropical/Tropical Moist Montane","Suitable",NA,"Yes","Tremarctos ornatus"
"288","Trinycteris nicefori",4060,"Phyllostomidae",80,0,0,0,0,0,20,0,0,0,"Ref_1","ABC","S","B","surface vs. scansorial unknown",1,0,0,"Ref_1","ABC",8.25,"Ref_58","1",13381,NA,NA,NA,"LC","1.6","Forest - Subtropical/Tropical Moist Lowland","Suitable",NA,"Yes","Trinycteris nicefori"
"290","Tylomys mirae",2042,"Cricetidae",0,0,0,0,0,0,10,0,80,10,"Ref_1","ABC","G","A","",1,0,0,"Ref_1","ABC",183.6,"Ref_117","1",22572,NA,NA,NA,"LC","1.6","Forest - Subtropical/Tropical Moist Lowland","Suitable",NA,NA,"Tylomys mirae"
"291","Uroderma bilobatum",4106,"Phyllostomidae",10,0,0,0,0,0,80,10,0,0,"Ref_1","ABC","Ar","A","",1,0,0,"Ref_1","ABC",16.69,"Ref_117","1",22782,NA,NA,NA,"LC","1.6","Forest - Subtropical/Tropical Moist Lowland","Suitable",NA,NA,"Uroderma bilobatum"
"292","Uroderma magnirostrum",4107,"Phyllostomidae",10,0,0,0,0,0,80,10,0,0,"Ref_1","ABC","Ar","A","",1,0,0,"Ref_1","ABC",16.85,"Ref_117","1",22783,NA,NA,NA,"LC","1.6","Forest - Subtropical/Tropical Moist Lowland","Suitable",NA,"Yes","Uroderma magnirostrum"
"293","Vampyressa melissa",4110,"Phyllostomidae",0,0,0,0,0,0,100,0,0,0,"Ref_1","ABC","Ar","A","",1,0,0,"Ref_1","ABC",16.3,"Ref_117","1",22839,NA,NA,NA,"VU","1.6","Forest - Subtropical/Tropical Moist Lowland","Suitable",NA,NA,"Vampyressa melissa"
"294","Vampyrum spectrum",4061,"Phyllostomidae",10,80,0,0,0,0,10,0,0,0,"Ref_1","ABC","G","B","generalist",1,0,0,"Ref_1","ABC",167.65,"Ref_117","1",22843,NA,NA,NA,"NT","1.6","Forest - Subtropical/Tropical Moist Lowland","Suitable",NA,"Yes","Vampyrum spectrum"
"NA",NA,NA,NA,NA,NA,NA,NA,NA,NA,NA,NA,NA,NA,NA,NA,NA,NA,NA,NA,NA,NA,NA,NA,NA,NA,NA,NA,NA,NA,NA,NA,NA,NA,NA,NA,NA,NA
"299","Oryzomys galapagoensis",1860,"Cricetidae",20,0,0,0,0,0,20,0,20,40,"Ref_1","ABC","G","A","",1,1,1,"Ref_1","ABC",63.51,"Ref_58","1",15595,NA,NA,NA,"VU",NA,NA,NA,NA,NA,"Aegialomys galapagoensis"
"300","Anoura caudifer",4143,"Phyllostomidae",30,0,0,0,0,0,30,40,0,0,"Ref_1","ABC","Ar","A","",1,0,0,"Ref_1","ABC",10.81,"Ref_58","1",88109381,NA,NA,NA,"LC","1.9","Forest - Subtropical/Tropical Moist Montane","Suitable",NA,NA,"Anoura aequatoris"
"301","Artibeus jamaicensis",4076,"Phyllostomidae",10,0,0,0,0,0,80,10,0,0,"Ref_1","ABC","Ar","A","",1,0,0,"Ref_1","ABC",42.17,"Ref_117","1",88109970,NA,NA,NA,"LC","1.6","Forest - Subtropical/Tropical Moist Lowland","Suitable",NA,NA,"Artibeus aequatorialis"
"302","Bassaricyon gabbii",5065,"Procyonidae",20,10,0,0,0,0,70,0,0,0,"Ref_1","ABC","Ar","A","",1,1,0,"Ref_1","ABC",1250,"Ref_117","1",48637280,NA,NA,NA,"NT","1.9","Forest - Subtropical/Tropical Moist Montane","Suitable","Resident","Yes","Bassaricyon neblina"
"304","Callicebus lucifer",671,"Pitheciidae",20,0,0,0,0,0,50,0,0,30,"Ref_1","ABC","Ar","A","",0,0,1,"Ref_1","ABC",1500,"Ref_127","1",41564,NA,NA,NA,"LC","1.6","Forest - Subtropical/Tropical Moist Lowland","Suitable",NA,NA,"Cheracebus lucifer"
"305","Sphiggurus ichillus",3031,"Erethizontidae",0,0,0,0,0,0,30,0,0,70,"Ref_2","D1","Ar","A","",1,0,0,"Ref_2","D1",1242.24,"Ref_2, Ref_3","0",136597,NA,NA,NA,"DD","1.6","Forest - Subtropical/Tropical Moist Lowland","Suitable",NA,NA,"Coendou ichillus"
"306","Coendou rothschildi",3018,"Erethizontidae",0,0,0,0,0,0,30,0,0,70,"Ref_1","ABC","Ar","A","",1,0,0,"Ref_1","ABC",2000,"Ref_117","1",136702,NA,NA,NA,"DD","1.6","Forest - Subtropical/Tropical Moist Lowland","Suitable",NA,NA,"Coendou quichua"
"307","Echinoprocta rufescens",3022,"Erethizontidae",0,0,0,0,0,0,30,0,0,70,"Ref_3","D2","Ar","A","",1,0,0,"Ref_2","D1",831.8,"Ref_117","1",7010,NA,NA,NA,"LC","1.9","Forest - Subtropical/Tropical Moist Montane","Suitable",NA,NA,"Coendou rufescens"
"308","Artibeus anderseni",4070,"Phyllostomidae",10,0,0,0,0,0,80,10,0,0,"Ref_1","ABC","Ar","A","",1,0,0,"Ref_1","ABC",138,"Ref_117","1",2122,NA,NA,NA,"LC","1.6","Forest - Subtropical/Tropical Moist Lowland","Suitable",NA,NA,"Dermanura anderseni"
"309","Artibeus glaucus",4064,"Phyllostomidae",10,0,0,0,0,0,80,10,0,0,"Ref_1","ABC","Ar","A","",1,0,0,"Ref_1","ABC",11.06,"Ref_117","1",83683065,NA,NA,NA,"LC","1.6","Forest - Subtropical/Tropical Moist Lowland","Suitable",NA,"Yes","Dermanura glauca"
"310","Artibeus gnomus",4065,"Phyllostomidae",10,0,0,0,0,0,80,10,0,0,"Ref_2","D1","Ar","A","",1,0,0,"Ref_1","ABC",10.06,"Ref_58","1",2129,NA,NA,NA,"LC","1.9","Forest - Subtropical/Tropical Moist Montane","Suitable",NA,"Yes","Dermanura gnoma"
"311","Artibeus phaeotis",4062,"Phyllostomidae",10,0,0,0,0,0,80,10,0,0,"Ref_1","ABC","Ar","A","",1,0,0,"Ref_1","ABC",11.59,"Ref_117","1",83683287,NA,NA,NA,"LC","1.6","Forest - Subtropical/Tropical Moist Lowland","Suitable",NA,"Yes","Dermanura phaeotis"
"313","Oryzomys macconnelli",1888,"Cricetidae",20,0,0,0,0,0,20,0,20,40,"Ref_1","ABC","G","A","",1,1,1,"Ref_1","ABC",58,"Ref_117","1",15605,NA,NA,NA,"LC","1.9","Forest - Subtropical/Tropical Moist Montane","Marginal",NA,NA,"Euryoryzomys macconnelli"
"314","Mimon crenulatum",4049,"Phyllostomidae",50,0,0,0,0,0,50,0,0,0,"Ref_1","ABC","S","B","surface vs. scansorial unknown",1,0,0,"Ref_1","ABC",13.75,"Ref_117","1",13560,NA,NA,NA,"LC","1.6","Forest - Subtropical/Tropical Moist Lowland","Suitable",NA,"Yes","Gardnerycteris crenulatum"
"315","Oryzomys alfaroi",1872,"Cricetidae",20,0,0,0,0,0,20,0,20,40,"Ref_1","ABC","G","A","",1,1,1,"Ref_1","ABC",33.3,"Ref_117","1",15585,NA,NA,NA,"LC","1.6","Forest - Subtropical/Tropical Moist Lowland","Suitable",NA,NA,"Handleyomys alfaroi"
"316","Puma yagouaroundi",4823,"Felidae",10,80,0,0,0,0,10,0,0,0,"Ref_110","ABC","G","A","",0,1,1,"Ref_1","ABC",6875,"Ref_58","1",9948,NA,NA,NA,"LC","1.9","Forest - Subtropical/Tropical Moist Montane","Marginal",NA,NA,"Herpailurus yagouaroundi"
"317","Oryzomys perenensis",1854,"Cricetidae",20,0,0,0,0,0,20,0,20,40,"Ref_2","D1","G","A","",1,1,1,"Ref_1","ABC",57.93,"Ref_2, Ref_3","0",136529,NA,NA,NA,"LC","1.6","Forest - Subtropical/Tropical Moist Lowland","Suitable",NA,NA,"Hylaeamys perenensis"
"318","Oryzomys tatei",1852,"Cricetidae",20,0,0,0,0,0,20,0,20,40,"Ref_2","D1","G","A","",1,1,1,"Ref_1","ABC",57.93,"Ref_2, Ref_3","0",29401,NA,NA,NA,"DD","1.6","Forest - Subtropical/Tropical Moist Lowland","Suitable","Resident","Yes","Hylaeamys tatei"
"319","Oryzomys yunganus",1856,"Cricetidae",20,0,0,0,0,0,20,0,20,40,"Ref_1","ABC","G","A","",1,1,1,"Ref_1","ABC",60.5,"Ref_117","1",15617,NA,NA,NA,"LC","1.6","Forest - Subtropical/Tropical Moist Lowland","Suitable",NA,NA,"Hylaeamys yunganus"
"321","Lichonycteris obscura",4157,"Phyllostomidae",0,0,0,0,0,0,50,50,0,0,"Ref_1","ABC","Ar","A","",1,0,0,"Ref_1","ABC",5.6,"Ref_117","1",88120307,NA,NA,NA,"LC",NA,NA,NA,NA,NA,"Lichonycteris degener"
"322","Lonchophylla thomasi",4168,"Phyllostomidae",40,0,0,0,0,0,30,30,0,0,"Ref_1","ABC","Ar","A","",1,0,0,"Ref_1","ABC",6.85,"Ref_117","1",88149262,NA,NA,NA,"DD","1.6","Forest - Subtropical/Tropical Moist Lowland","Suitable",NA,NA,"Lonchophylla cadenai"
"323","Lonchophylla handleyi",4166,"Phyllostomidae",40,0,0,0,0,0,30,30,0,0,"Ref_1","ABC","Ar","A","",1,0,0,"Ref_1","ABC",18.5,"Ref_117","1",136348,NA,NA,NA,"DD","1.6","Forest - Subtropical/Tropical Moist Lowland","Suitable",NA,NA,"Lonchophylla chocoana"
"324","Lonchophylla mordax",4163,"Phyllostomidae",40,0,0,0,0,0,30,30,0,0,"Ref_1","ABC","Ar","A","",1,0,0,"Ref_1","ABC",10.7,"Ref_117","1",136706,NA,NA,NA,"LC","1.6","Forest - Subtropical/Tropical Moist Lowland","Suitable",NA,"Yes","Lonchophylla concava"
"325","Lophostoma silvicolum",4024,"Phyllostomidae",90,0,0,0,0,0,10,0,0,0,"Ref_1","ABC","S","B","surface vs. scansorial unknown",1,0,0,"Ref_1","ABC",32.29,"Ref_58","1",88149174,NA,NA,NA,"NT","1.6","Forest - Subtropical/Tropical Moist Lowland","Suitable",NA,NA,"Lophostoma occidentalis"
"326","Micoureus phaeus",59,"Didelphidae",90,0,0,0,0,0,10,0,0,0,"Ref_2","D1","S","A","",1,0,0,"Ref_1","ABC",103.76,"Ref_2, Ref_3","0",136244,NA,NA,NA,"VU","1.9","Forest - Subtropical/Tropical Moist Montane","Suitable",NA,"Yes","Marmosa phaea"
"327","Micoureus regina",55,"Didelphidae",90,0,0,0,0,0,10,0,0,0,"Ref_1","ABC","S","A","",1,0,0,"Ref_1","ABC",118.6,"Ref_117","1",40511,NA,NA,NA,"LC","1.6","Forest - Subtropical/Tropical Moist Lowland","Suitable",NA,"Yes","Marmosa regina"
"328","Marmosops impavidus",47,"Didelphidae",50,0,0,0,0,0,50,0,0,0,"Ref_1","ABC","Ar","A","",1,0,0,"Ref_1","ABC",40.5,"Ref_117","1",89333777,NA,NA,NA,"LC","1.9","Forest - Subtropical/Tropical Moist Montane","Suitable","Resident",NA,"Marmosops caucae"
"329","Mazama gouazoubira",5293,"Cervidae",0,0,0,0,0,0,30,0,20,50,"Ref_1","ABC","G","A","",1,1,1,"Ref_1","ABC",16633.17,"Ref_58","1",136708,NA,NA,NA,"LC","1.6","Forest - Subtropical/Tropical Moist Lowland","Suitable",NA,"Yes","Mazama nemorivaga"
"330","Micronycteris megalotis",4034,"Phyllostomidae",80,0,0,0,0,0,20,0,0,0,"Ref_2","D1","S","B","surface vs. scansorial unknown",1,0,0,"Ref_1","ABC",6.11,"Ref_117","1",88120398,NA,NA,NA,"DD","1.6","Forest - Subtropical/Tropical Moist Lowland","Suitable",NA,NA,"Micronycteris giovanniae"
"331","Oryzomys hammondi",1858,"Cricetidae",20,0,0,0,0,0,20,0,20,40,"Ref_1","ABC","G","A","",1,1,1,"Ref_1","ABC",60.5,"Ref_117","1",15597,NA,NA,NA,"EN","1.6","Forest - Subtropical/Tropical Moist Lowland","Marginal","Resident",NA,"Mindomys hammondi"
"335","Oryzomys albigularis",1873,"Cricetidae",20,0,0,0,0,0,20,0,20,40,"Ref_1","ABC","G","A","",1,1,1,"Ref_1","ABC",60.5,"Ref_117","1",15584,NA,NA,NA,"LC","1.9","Forest - Subtropical/Tropical Moist Montane","Suitable",NA,NA,"Nephelomys albigularis"
"336","Oryzomys auriventer",1870,"Cricetidae",20,0,0,0,0,0,20,0,20,40,"Ref_1","ABC","G","A","",1,1,1,"Ref_1","ABC",60.5,"Ref_117","1",15586,NA,NA,NA,"LC","1.9","Forest - Subtropical/Tropical Moist Montane","Suitable",NA,NA,"Nephelomys auriventer"
"337","Nesoryzomys indefessus",1808,"Cricetidae",20,0,0,0,0,0,10,0,40,30,"Ref_3","D2","G","A","",1,0,0,"Ref_1","ABC",55.26,"Ref_2, Ref_3","0",40765,NA,NA,NA,"VU",NA,NA,NA,NA,NA,"Nesoryzomys narboroughi"
"338","Oryzomys balneator",1869,"Cricetidae",20,0,0,0,0,0,20,0,20,40,"Ref_1","ABC","G","A","",1,1,1,"Ref_1","ABC",60.5,"Ref_117","1",15587,NA,NA,NA,"DD","1.9","Forest - Subtropical/Tropical Moist Montane","Suitable","Resident","Yes","Oreoryzomys balneator"
"340","Pithecia monachus",684,"Pitheciidae",0,30,0,0,0,0,30,10,0,30,"Ref_1","ABC","Ar","A","",0,0,1,"Ref_1","ABC",1537.52,"Ref_117","1",39955,NA,NA,NA,"LC","1.6","Forest - Subtropical/Tropical Moist Lowland","Unknown",NA,NA,"Pithecia napensis"
"341","Platyrrhinus vittatus",4102,"Phyllostomidae",10,0,0,0,0,0,90,0,0,0,"Ref_1","ABC","Ar","A","",1,0,0,"Ref_1","ABC",41.4,"Ref_117","1",136203,NA,NA,NA,"LC","1.6","Forest - Subtropical/Tropical Moist Lowland","Suitable",NA,"Yes","Platyrrhinus albericoi"
"342","Platyrrhinus helleri",4096,"Phyllostomidae",10,0,0,0,0,0,90,0,0,0,"Ref_1","ABC","Ar","A","",1,0,0,"Ref_1","ABC",13.5,"Ref_117","1",88160255,NA,NA,NA,"LC","1.6","Forest - Subtropical/Tropical Moist Lowland","Suitable",NA,NA,"Platyrrhinus angustirostris"
"343","Platyrrhinus dorsalis",4094,"Phyllostomidae",10,0,0,0,0,0,90,0,0,0,"Ref_1","ABC","Ar","A","",1,0,0,"Ref_1","ABC",26,"Ref_117","1",136232,NA,NA,NA,"NT","1.6","Forest - Subtropical/Tropical Moist Lowland","Suitable",NA,"Yes","Platyrrhinus ismaeli"
"344","Platyrrhinus lineatus",4101,"Phyllostomidae",10,0,0,0,0,0,90,0,0,0,"Ref_1","ABC","Ar","A","",1,0,0,"Ref_1","ABC",24.36,"Ref_117","1",136317,NA,NA,NA,"LC","1.6","Forest - Subtropical/Tropical Moist Lowland","Suitable",NA,"Yes","Platyrrhinus nigellus"
"345","Callicebus discolor",662,"Pitheciidae",20,0,0,0,0,0,50,0,0,30,"Ref_1","ABC","Ar","A","",0,0,1,"Ref_1","ABC",1005,"Ref_127","1",41553,NA,NA,NA,"LC","1.6","Forest - Subtropical/Tropical Moist Lowland","Suitable",NA,NA,"Plecturocebus discolor"
"347","Rhipidomys latimanus",1944,"Cricetidae",20,0,0,0,0,0,30,0,30,20,"Ref_1","ABC","Ar","A","",1,0,0,"Ref_1","ABC",57.5,"Ref_117","1",113476528,NA,NA,NA,"DD",NA,NA,NA,NA,NA,"Rhipidomys albujai"
"349","Sturnira lilium",4122,"Phyllostomidae",0,0,0,0,0,0,100,0,0,0,"Ref_1","ABC","Ar","A","",1,0,0,"Ref_1","ABC",19.1,"Ref_117","1",88152001,NA,NA,NA,"LC","1.6","Forest - Subtropical/Tropical Moist Lowland","Suitable",NA,NA,"Sturnira bakeri"
"350","Sturnira ludovici",4121,"Phyllostomidae",0,0,0,0,0,0,100,0,0,0,"Ref_1","ABC","Ar","A","",1,0,0,"Ref_1","ABC",21.02,"Ref_117","1",88159599,NA,NA,NA,"DD","1.9","Forest - Subtropical/Tropical Moist Montane","Suitable",NA,NA,"Sturnira koopmanhilli"
"351","Sigmodontomys aphrastus",1974,"Cricetidae",20,0,0,0,0,0,10,0,40,30,"Ref_3","D2","G","A","",1,0,0,"Ref_3","D2",71,"Ref_117","1",20222,NA,NA,NA,"DD","1.9","Forest - Subtropical/Tropical Moist Montane","Suitable","Resident","Yes","Tanyuromys aphrastus"
"352","Thomasomys pyrrhonotus",1984,"Cricetidae",20,0,0,0,0,0,30,0,30,20,"Ref_2","D1","S","A","",1,0,0,"Ref_3","D2",77,"Ref_117","1",96790651,NA,NA,NA,"DD","1.9","Forest - Subtropical/Tropical Moist Montane","Suitable","Resident","Yes","Thomasomys auricularis"
"353","Oryzomys bolivaris",1868,"Cricetidae",20,0,0,0,0,0,20,0,20,40,"Ref_1","ABC","G","A","",1,1,1,"Ref_1","ABC",60.5,"Ref_117","1",15588,NA,NA,NA,"LC","1.6","Forest - Subtropical/Tropical Moist Lowland","Suitable",NA,NA,"Transandinomys bolivaris"
"354","Oryzomys talamancae",1851,"Cricetidae",20,0,0,0,0,0,20,0,20,40,"Ref_1","ABC","G","A","",1,1,1,"Ref_1","ABC",55,"Ref_117","1",15615,NA,NA,NA,"LC","1.9","Forest - Subtropical/Tropical Moist Montane","Suitable",NA,NA,"Transandinomys talamancae"
"355","Vampyressa bidens",4113,"Phyllostomidae",0,0,0,0,0,0,100,0,0,0,"Ref_1","ABC","Ar","A","",1,0,0,"Ref_1","ABC",11.6,"Ref_117","1",22837,NA,NA,NA,"LC","1.6","Forest - Subtropical/Tropical Moist Lowland","Suitable",NA,NA,"Vampyriscus bidens"
"356","Vampyressa nymphaea",4112,"Phyllostomidae",0,0,0,0,0,0,100,0,0,0,"Ref_1","ABC","Ar","A","",1,0,0,"Ref_1","ABC",11.8,"Ref_117","1",22840,NA,NA,NA,"LC","1.6","Forest - Subtropical/Tropical Moist Lowland","Suitable",NA,"Yes","Vampyriscus nymphaea"
"357","Vampyrodes caraccioli",4114,"Phyllostomidae",0,0,0,0,0,0,100,0,0,0,"Ref_1","ABC","Ar","A","",1,0,0,"Ref_1","ABC",34.7,"Ref_117","1",88151984,NA,NA,NA,"LC","1.6","Forest - Subtropical/Tropical Moist Lowland","Suitable",NA,NA,"Vampyrodes major"
"358","Cebus albifrons",606,"Cebidae",20,0,0,0,10,0,20,10,20,20,"Ref_1","ABC","Ar","A","",0,0,1,"Ref_1","ABC",2629,"Ref_117","1",4081,NA,NA,NA,"CR",NA,NA,NA,NA,NA,"Cebus aequatorialis"
"359","Cebus capucinus",601,"Cebidae",20,0,0,0,10,0,20,10,20,20,"Ref_1","ABC","Ar","A","",0,0,1,"Ref_1","ABC",2733.32,"Ref_117","1",43934,"capucinus","ssp.",NA,"LC",NA,NA,NA,NA,NA,"Cebus capucinus ssp. capucinus"
"360","Lagothrix lagotricha",622,"Atelidae",10,0,0,0,0,0,70,0,10,10,"Ref_1","ABC","Ar","A","",0,0,1,"Ref_1","ABC",6299.99,"Ref_117","1",11175,NA,NA,NA,"VU","1.6","Forest - Subtropical/Tropical Moist Lowland","Suitable",NA,"Yes","Lagothrix lagothricha"
"361","Saguinus nigricollis",561,"Cebidae",40,0,0,0,0,0,30,30,0,0,"Ref_1","ABC","Ar","A","",0,0,1,"Ref_1","ABC",462,"Ref_117","1",39945,NA,NA,NA,"LC","1.6","Forest - Subtropical/Tropical Moist Lowland","Suitable",NA,"Yes","Leontocebus nigricollis"
"362","Saguinus graellsi",572,"Cebidae",10,0,0,0,10,0,40,40,0,0,"Ref_1","ABC","Ar","A","",0,0,1,"Ref_1","ABC",462.13,"Ref_2, Ref_3","0",43947,"graellsi","ssp.",NA,"NT",NA,NA,NA,NA,NA,"Leontocebus nigricollis ssp. graellsi"
"363","Saguinus tripartitus",565,"Cebidae",40,0,0,0,0,0,30,30,0,0,"Ref_1","ABC","Ar","A","",0,0,1,"Ref_1","ABC",393.5,"Ref_117","1",19824,NA,NA,NA,"NT","1.6","Forest - Subtropical/Tropical Moist Lowland","Suitable",NA,"Yes","Leontocebus tripartitus"
